"","gender","height_cm","weight_kg","age","CACL"
"1","Male",152,81,42,35.058864265928
"2","Male",171.5,93,38,31.6194782786084
"3","Female",165,78,26,28.6501377410468
